Observation id,Observation date,Description,Observation type,Source,Time offset (s),Coding duration,Media duration (s),FPS (frame/s),Subject,Observation duration by subject by observation,Behavior,Behavioral category,Modifier #1,Original_BehaviorType,Media file name,Image index start,Image index stop,Image file path start,Image file path stop,Comment start,Comment stop,Time,Behavior type,Stop (s).x
Poppy,2024-12-25T17:40:01Z,NA,Media file,player #1:VIDEO\20220710_ImpossibleTask_Poppy_Camera1.mp4,0,1402.475,1480.342,29.97,No focal subject,171.025,interacting with tupperware,Not defined,NA,STATE,VIDEO\20220710_ImpossibleTask_Poppy_Camera1.mp4,8401,8425,NA,NA,NA,NA,280.514,START,NA
Poppy,2024-12-25T17:40:01Z,NA,Media file,player #1:VIDEO\20220710_ImpossibleTask_Poppy_Camera1.mp4,0,1402.475,1480.342,29.97,No focal subject,171.025,interacting with tupperware,Not defined,NA,STATE,VIDEO\20220710_ImpossibleTask_Poppy_Camera1.mp4,8401,8425,NA,NA,NA,NA,281.316,STOP,NA
Poppy,2024-12-25T17:40:01Z,NA,Media file,player #1:VIDEO\20220710_ImpossibleTask_Poppy_Camera1.mp4,0,1402.475,1480.342,29.97,No focal subject,171.025,interacting with tupperware,Not defined,NA,STATE,VIDEO\20220710_ImpossibleTask_Poppy_Camera1.mp4,8494,8561,NA,NA,NA,NA,283.62,START,NA
Poppy,2024-12-25T17:40:01Z,NA,Media file,player #1:VIDEO\20220710_ImpossibleTask_Poppy_Camera1.mp4,0,1402.475,1480.342,29.97,No focal subject,171.025,interacting with tupperware,Not defined,NA,STATE,VIDEO\20220710_ImpossibleTask_Poppy_Camera1.mp4,8494,8561,NA,NA,NA,NA,285.857,STOP,NA
Poppy,2024-12-25T17:40:01Z,NA,Media file,player #1:VIDEO\20220710_ImpossibleTask_Poppy_Camera1.mp4,0,1402.475,1480.342,29.97,No focal subject,171.025,interacting with tupperware,Not defined,NA,STATE,VIDEO\20220710_ImpossibleTask_Poppy_Camera1.mp4,8606,8760,NA,NA,NA,NA,287.36,START,NA
Poppy,2024-12-25T17:40:01Z,NA,Media file,player #1:VIDEO\20220710_ImpossibleTask_Poppy_Camera1.mp4,0,1402.475,1480.342,29.97,No focal subject,171.025,interacting with tupperware,Not defined,NA,STATE,VIDEO\20220710_ImpossibleTask_Poppy_Camera1.mp4,8606,8760,NA,NA,NA,NA,292.502,STOP,NA
Poppy,2024-12-25T17:40:01Z,NA,Media file,player #1:VIDEO\20220710_ImpossibleTask_Poppy_Camera1.mp4,0,1402.475,1480.342,29.97,No focal subject,171.025,interacting with tupperware,Not defined,NA,STATE,VIDEO\20220710_ImpossibleTask_Poppy_Camera1.mp4,9100,9374,NA,NA,NA,NA,303.855,START,NA
Poppy,2024-12-25T17:40:01Z,NA,Media file,player #1:VIDEO\20220710_ImpossibleTask_Poppy_Camera1.mp4,0,1402.475,1480.342,29.97,No focal subject,171.025,interacting with tupperware,Not defined,NA,STATE,VIDEO\20220710_ImpossibleTask_Poppy_Camera1.mp4,9100,9374,NA,NA,NA,NA,313.004,STOP,NA
Poppy,2024-12-25T17:40:01Z,NA,Media file,player #1:VIDEO\20220710_ImpossibleTask_Poppy_Camera1.mp4,0,1402.475,1480.342,29.97,No focal subject,171.025,interacting with tupperware,Not defined,NA,STATE,VIDEO\20220710_ImpossibleTask_Poppy_Camera1.mp4,9650,9891,NA,NA,NA,NA,322.219,START,NA
Poppy,2024-12-25T17:40:01Z,NA,Media file,player #1:VIDEO\20220710_ImpossibleTask_Poppy_Camera1.mp4,0,1402.475,1480.342,29.97,No focal subject,171.025,interacting with tupperware,Not defined,NA,STATE,VIDEO\20220710_ImpossibleTask_Poppy_Camera1.mp4,9650,9891,NA,NA,NA,NA,330.267,STOP,NA
Poppy,2024-12-25T17:40:01Z,NA,Media file,player #1:VIDEO\20220710_ImpossibleTask_Poppy_Camera1.mp4,0,1402.475,1480.342,29.97,No focal subject,171.025,interacting with tupperware,Not defined,NA,STATE,VIDEO\20220710_ImpossibleTask_Poppy_Camera1.mp4,10364,10453,NA,NA,NA,NA,346.061,START,NA
Poppy,2024-12-25T17:40:01Z,NA,Media file,player #1:VIDEO\20220710_ImpossibleTask_Poppy_Camera1.mp4,0,1402.475,1480.342,29.97,No focal subject,171.025,interacting with tupperware,Not defined,NA,STATE,VIDEO\20220710_ImpossibleTask_Poppy_Camera1.mp4,10364,10453,NA,NA,NA,NA,349.032,STOP,NA
Poppy,2024-12-25T17:40:01Z,NA,Media file,player #1:VIDEO\20220710_ImpossibleTask_Poppy_Camera1.mp4,0,1402.475,1480.342,29.97,No focal subject,171.025,interacting with tupperware,Not defined,NA,STATE,VIDEO\20220710_ImpossibleTask_Poppy_Camera1.mp4,11877,11980,NA,NA,NA,NA,396.581,START,NA
Poppy,2024-12-25T17:40:01Z,NA,Media file,player #1:VIDEO\20220710_ImpossibleTask_Poppy_Camera1.mp4,0,1402.475,1480.342,29.97,No focal subject,171.025,interacting with tupperware,Not defined,NA,STATE,VIDEO\20220710_ImpossibleTask_Poppy_Camera1.mp4,11877,11980,NA,NA,NA,NA,400.02,STOP,NA
Poppy,2024-12-25T17:40:01Z,NA,Media file,player #1:VIDEO\20220710_ImpossibleTask_Poppy_Camera1.mp4,0,1402.475,1480.342,29.97,No focal subject,171.025,interacting with tupperware,Not defined,NA,STATE,VIDEO\20220710_ImpossibleTask_Poppy_Camera1.mp4,15417,15493,NA,NA,NA,NA,514.784,START,NA
Poppy,2024-12-25T17:40:01Z,NA,Media file,player #1:VIDEO\20220710_ImpossibleTask_Poppy_Camera1.mp4,0,1402.475,1480.342,29.97,No focal subject,171.025,interacting with tupperware,Not defined,NA,STATE,VIDEO\20220710_ImpossibleTask_Poppy_Camera1.mp4,15417,15493,NA,NA,NA,NA,517.321,STOP,NA
Poppy,2024-12-25T17:40:01Z,NA,Media file,player #1:VIDEO\20220710_ImpossibleTask_Poppy_Camera1.mp4,0,1402.475,1480.342,29.97,No focal subject,171.025,interacting with tupperware,Not defined,NA,STATE,VIDEO\20220710_ImpossibleTask_Poppy_Camera1.mp4,15657,16050,NA,NA,NA,NA,522.797,START,NA
Poppy,2024-12-25T17:40:01Z,NA,Media file,player #1:VIDEO\20220710_ImpossibleTask_Poppy_Camera1.mp4,0,1402.475,1480.342,29.97,No focal subject,171.025,interacting with tupperware,Not defined,NA,STATE,VIDEO\20220710_ImpossibleTask_Poppy_Camera1.mp4,15657,16050,NA,NA,NA,NA,535.886,STOP,NA
Poppy,2024-12-25T17:40:01Z,NA,Media file,player #1:VIDEO\20220710_ImpossibleTask_Poppy_Camera1.mp4,0,1402.475,1480.342,29.97,No focal subject,171.025,interacting with tupperware,Not defined,NA,STATE,VIDEO\20220710_ImpossibleTask_Poppy_Camera1.mp4,16149,16222,NA,NA,NA,NA,539.226,START,NA
Poppy,2024-12-25T17:40:01Z,NA,Media file,player #1:VIDEO\20220710_ImpossibleTask_Poppy_Camera1.mp4,0,1402.475,1480.342,29.97,No focal subject,171.025,interacting with tupperware,Not defined,NA,STATE,VIDEO\20220710_ImpossibleTask_Poppy_Camera1.mp4,16149,16222,NA,NA,NA,NA,541.663,STOP,NA
Poppy,2024-12-25T17:40:01Z,NA,Media file,player #1:VIDEO\20220710_ImpossibleTask_Poppy_Camera1.mp4,0,1402.475,1480.342,29.97,No focal subject,171.025,interacting with tupperware,Not defined,NA,STATE,VIDEO\20220710_ImpossibleTask_Poppy_Camera1.mp4,16276,16437,NA,NA,NA,NA,543.466,START,NA
Poppy,2024-12-25T17:40:01Z,NA,Media file,player #1:VIDEO\20220710_ImpossibleTask_Poppy_Camera1.mp4,0,1402.475,1480.342,29.97,No focal subject,171.025,interacting with tupperware,Not defined,NA,STATE,VIDEO\20220710_ImpossibleTask_Poppy_Camera1.mp4,16276,16437,NA,NA,NA,NA,548.842,STOP,NA
Poppy,2024-12-25T17:40:01Z,NA,Media file,player #1:VIDEO\20220710_ImpossibleTask_Poppy_Camera1.mp4,0,1402.475,1480.342,29.97,No focal subject,171.025,interacting with tupperware,Not defined,NA,STATE,VIDEO\20220710_ImpossibleTask_Poppy_Camera1.mp4,16614,16803,NA,NA,NA,NA,554.752,START,NA
Poppy,2024-12-25T17:40:01Z,NA,Media file,player #1:VIDEO\20220710_ImpossibleTask_Poppy_Camera1.mp4,0,1402.475,1480.342,29.97,No focal subject,171.025,interacting with tupperware,Not defined,NA,STATE,VIDEO\20220710_ImpossibleTask_Poppy_Camera1.mp4,16614,16803,NA,NA,NA,NA,561.063,STOP,NA
Poppy,2024-12-25T17:40:01Z,NA,Media file,player #1:VIDEO\20220710_ImpossibleTask_Poppy_Camera1.mp4,0,1402.475,1480.342,29.97,No focal subject,171.025,interacting with tupperware,Not defined,NA,STATE,VIDEO\20220710_ImpossibleTask_Poppy_Camera1.mp4,16924,17109,NA,NA,NA,NA,565.103,START,NA
Poppy,2024-12-25T17:40:01Z,NA,Media file,player #1:VIDEO\20220710_ImpossibleTask_Poppy_Camera1.mp4,0,1402.475,1480.342,29.97,No focal subject,171.025,interacting with tupperware,Not defined,NA,STATE,VIDEO\20220710_ImpossibleTask_Poppy_Camera1.mp4,16924,17109,NA,NA,NA,NA,571.281,STOP,NA
Poppy,2024-12-25T17:40:01Z,NA,Media file,player #1:VIDEO\20220710_ImpossibleTask_Poppy_Camera1.mp4,0,1402.475,1480.342,29.97,No focal subject,171.025,interacting with tupperware,Not defined,NA,STATE,VIDEO\20220710_ImpossibleTask_Poppy_Camera1.mp4,18741,19111,NA,NA,NA,NA,625.774,START,NA
Poppy,2024-12-25T17:40:01Z,NA,Media file,player #1:VIDEO\20220710_ImpossibleTask_Poppy_Camera1.mp4,0,1402.475,1480.342,29.97,No focal subject,171.025,interacting with tupperware,Not defined,NA,STATE,VIDEO\20220710_ImpossibleTask_Poppy_Camera1.mp4,18741,19111,NA,NA,NA,NA,638.129,STOP,NA
Poppy,2024-12-25T17:40:01Z,NA,Media file,player #1:VIDEO\20220710_ImpossibleTask_Poppy_Camera1.mp4,0,1402.475,1480.342,29.97,No focal subject,171.025,interacting with tupperware,Not defined,NA,STATE,VIDEO\20220710_ImpossibleTask_Poppy_Camera1.mp4,19202,19259,NA,NA,NA,NA,641.168,START,NA
Poppy,2024-12-25T17:40:01Z,NA,Media file,player #1:VIDEO\20220710_ImpossibleTask_Poppy_Camera1.mp4,0,1402.475,1480.342,29.97,No focal subject,171.025,interacting with tupperware,Not defined,NA,STATE,VIDEO\20220710_ImpossibleTask_Poppy_Camera1.mp4,19202,19259,NA,NA,NA,NA,643.071,STOP,NA
Poppy,2024-12-25T17:40:01Z,NA,Media file,player #1:VIDEO\20220710_ImpossibleTask_Poppy_Camera1.mp4,0,1402.475,1480.342,29.97,No focal subject,171.025,interacting with tupperware,Not defined,NA,STATE,VIDEO\20220710_ImpossibleTask_Poppy_Camera1.mp4,22810,22842,NA,NA,NA,NA,761.641,START,NA
Poppy,2024-12-25T17:40:01Z,NA,Media file,player #1:VIDEO\20220710_ImpossibleTask_Poppy_Camera1.mp4,0,1402.475,1480.342,29.97,No focal subject,171.025,interacting with tupperware,Not defined,NA,STATE,VIDEO\20220710_ImpossibleTask_Poppy_Camera1.mp4,22810,22842,NA,NA,NA,NA,762.71,STOP,NA
Poppy,2024-12-25T17:40:01Z,NA,Media file,player #1:VIDEO\20220710_ImpossibleTask_Poppy_Camera1.mp4,0,1402.475,1480.342,29.97,No focal subject,171.025,interacting with tupperware,Not defined,NA,STATE,VIDEO\20220710_ImpossibleTask_Poppy_Camera1.mp4,22983,23090,NA,NA,NA,NA,767.418,START,NA
Poppy,2024-12-25T17:40:01Z,NA,Media file,player #1:VIDEO\20220710_ImpossibleTask_Poppy_Camera1.mp4,0,1402.475,1480.342,29.97,No focal subject,171.025,interacting with tupperware,Not defined,NA,STATE,VIDEO\20220710_ImpossibleTask_Poppy_Camera1.mp4,22983,23090,NA,NA,NA,NA,770.99,STOP,NA
Poppy,2024-12-25T17:40:01Z,NA,Media file,player #1:VIDEO\20220710_ImpossibleTask_Poppy_Camera1.mp4,0,1402.475,1480.342,29.97,No focal subject,171.025,interacting with tupperware,Not defined,NA,STATE,VIDEO\20220710_ImpossibleTask_Poppy_Camera1.mp4,23125,23231,NA,NA,NA,NA,772.159,START,NA
Poppy,2024-12-25T17:40:01Z,NA,Media file,player #1:VIDEO\20220710_ImpossibleTask_Poppy_Camera1.mp4,0,1402.475,1480.342,29.97,No focal subject,171.025,interacting with tupperware,Not defined,NA,STATE,VIDEO\20220710_ImpossibleTask_Poppy_Camera1.mp4,23125,23231,NA,NA,NA,NA,775.698,STOP,NA
Poppy,2024-12-25T17:40:01Z,NA,Media file,player #1:VIDEO\20220710_ImpossibleTask_Poppy_Camera1.mp4,0,1402.475,1480.342,29.97,No focal subject,171.025,interacting with tupperware,Not defined,NA,STATE,VIDEO\20220710_ImpossibleTask_Poppy_Camera1.mp4,23275,23394,NA,NA,NA,NA,777.168,START,NA
Poppy,2024-12-25T17:40:01Z,NA,Media file,player #1:VIDEO\20220710_ImpossibleTask_Poppy_Camera1.mp4,0,1402.475,1480.342,29.97,No focal subject,171.025,interacting with tupperware,Not defined,NA,STATE,VIDEO\20220710_ImpossibleTask_Poppy_Camera1.mp4,23275,23394,NA,NA,NA,NA,781.141,STOP,NA
Poppy,2024-12-25T17:40:01Z,NA,Media file,player #1:VIDEO\20220710_ImpossibleTask_Poppy_Camera1.mp4,0,1402.475,1480.342,29.97,No focal subject,171.025,interacting with tupperware,Not defined,NA,STATE,VIDEO\20220710_ImpossibleTask_Poppy_Camera1.mp4,24597,24889,NA,NA,NA,NA,821.31,START,NA
Poppy,2024-12-25T17:40:01Z,NA,Media file,player #1:VIDEO\20220710_ImpossibleTask_Poppy_Camera1.mp4,0,1402.475,1480.342,29.97,No focal subject,171.025,interacting with tupperware,Not defined,NA,STATE,VIDEO\20220710_ImpossibleTask_Poppy_Camera1.mp4,24597,24889,NA,NA,NA,NA,831.06,STOP,NA
Poppy,2024-12-25T17:40:01Z,NA,Media file,player #1:VIDEO\20220710_ImpossibleTask_Poppy_Camera1.mp4,0,1402.475,1480.342,29.97,No focal subject,171.025,interacting with tupperware,Not defined,NA,STATE,VIDEO\20220710_ImpossibleTask_Poppy_Camera1.mp4,24929,24959,NA,NA,NA,NA,832.396,START,NA
Poppy,2024-12-25T17:40:01Z,NA,Media file,player #1:VIDEO\20220710_ImpossibleTask_Poppy_Camera1.mp4,0,1402.475,1480.342,29.97,No focal subject,171.025,interacting with tupperware,Not defined,NA,STATE,VIDEO\20220710_ImpossibleTask_Poppy_Camera1.mp4,24929,24959,NA,NA,NA,NA,833.398,STOP,NA
Poppy,2024-12-25T17:40:01Z,NA,Media file,player #1:VIDEO\20220710_ImpossibleTask_Poppy_Camera1.mp4,0,1402.475,1480.342,29.97,No focal subject,171.025,interacting with tupperware,Not defined,NA,STATE,VIDEO\20220710_ImpossibleTask_Poppy_Camera1.mp4,30269,30415,NA,NA,NA,NA,1010.702,START,NA
Poppy,2024-12-25T17:40:01Z,NA,Media file,player #1:VIDEO\20220710_ImpossibleTask_Poppy_Camera1.mp4,0,1402.475,1480.342,29.97,No focal subject,171.025,interacting with tupperware,Not defined,NA,STATE,VIDEO\20220710_ImpossibleTask_Poppy_Camera1.mp4,30269,30415,NA,NA,NA,NA,1015.577,STOP,NA
Poppy,2024-12-25T17:40:01Z,NA,Media file,player #1:VIDEO\20220710_ImpossibleTask_Poppy_Camera1.mp4,0,1402.475,1480.342,29.97,No focal subject,171.025,interacting with tupperware,Not defined,NA,STATE,VIDEO\20220710_ImpossibleTask_Poppy_Camera1.mp4,30588,30681,NA,NA,NA,NA,1021.353,START,NA
Poppy,2024-12-25T17:40:01Z,NA,Media file,player #1:VIDEO\20220710_ImpossibleTask_Poppy_Camera1.mp4,0,1402.475,1480.342,29.97,No focal subject,171.025,interacting with tupperware,Not defined,NA,STATE,VIDEO\20220710_ImpossibleTask_Poppy_Camera1.mp4,30588,30681,NA,NA,NA,NA,1024.459,STOP,NA
Poppy,2024-12-25T17:40:01Z,NA,Media file,player #1:VIDEO\20220710_ImpossibleTask_Poppy_Camera1.mp4,0,1402.475,1480.342,29.97,No focal subject,171.025,interacting with tupperware,Not defined,NA,STATE,VIDEO\20220710_ImpossibleTask_Poppy_Camera1.mp4,30765,30843,NA,NA,NA,NA,1027.264,START,NA
Poppy,2024-12-25T17:40:01Z,NA,Media file,player #1:VIDEO\20220710_ImpossibleTask_Poppy_Camera1.mp4,0,1402.475,1480.342,29.97,No focal subject,171.025,interacting with tupperware,Not defined,NA,STATE,VIDEO\20220710_ImpossibleTask_Poppy_Camera1.mp4,30765,30843,NA,NA,NA,NA,1029.868,STOP,NA
Poppy,2024-12-25T17:40:01Z,NA,Media file,player #1:VIDEO\20220710_ImpossibleTask_Poppy_Camera1.mp4,0,1402.475,1480.342,29.97,No focal subject,171.025,interacting with tupperware,Not defined,NA,STATE,VIDEO\20220710_ImpossibleTask_Poppy_Camera1.mp4,30988,31059,NA,NA,NA,NA,1034.71,START,NA
Poppy,2024-12-25T17:40:01Z,NA,Media file,player #1:VIDEO\20220710_ImpossibleTask_Poppy_Camera1.mp4,0,1402.475,1480.342,29.97,No focal subject,171.025,interacting with tupperware,Not defined,NA,STATE,VIDEO\20220710_ImpossibleTask_Poppy_Camera1.mp4,30988,31059,NA,NA,NA,NA,1037.08,STOP,NA
Poppy,2024-12-25T17:40:01Z,NA,Media file,player #1:VIDEO\20220710_ImpossibleTask_Poppy_Camera1.mp4,0,1402.475,1480.342,29.97,No focal subject,171.025,interacting with tupperware,Not defined,NA,STATE,VIDEO\20220710_ImpossibleTask_Poppy_Camera1.mp4,31226,31236,NA,NA,NA,NA,1042.657,START,NA
Poppy,2024-12-25T17:40:01Z,NA,Media file,player #1:VIDEO\20220710_ImpossibleTask_Poppy_Camera1.mp4,0,1402.475,1480.342,29.97,No focal subject,171.025,interacting with tupperware,Not defined,NA,STATE,VIDEO\20220710_ImpossibleTask_Poppy_Camera1.mp4,31226,31236,NA,NA,NA,NA,1042.991,STOP,NA
Poppy,2024-12-25T17:40:01Z,NA,Media file,player #1:VIDEO\20220710_ImpossibleTask_Poppy_Camera1.mp4,0,1402.475,1480.342,29.97,No focal subject,171.025,interacting with tupperware,Not defined,NA,STATE,VIDEO\20220710_ImpossibleTask_Poppy_Camera1.mp4,31295,31420,NA,NA,NA,NA,1044.961,START,NA
Poppy,2024-12-25T17:40:01Z,NA,Media file,player #1:VIDEO\20220710_ImpossibleTask_Poppy_Camera1.mp4,0,1402.475,1480.342,29.97,No focal subject,171.025,interacting with tupperware,Not defined,NA,STATE,VIDEO\20220710_ImpossibleTask_Poppy_Camera1.mp4,31295,31420,NA,NA,NA,NA,1049.135,STOP,NA
Poppy,2024-12-25T17:40:01Z,NA,Media file,player #1:VIDEO\20220710_ImpossibleTask_Poppy_Camera1.mp4,0,1402.475,1480.342,29.97,No focal subject,171.025,interacting with tupperware,Not defined,NA,STATE,VIDEO\20220710_ImpossibleTask_Poppy_Camera1.mp4,38014,38102,NA,NA,NA,NA,1269.313,START,NA
Poppy,2024-12-25T17:40:01Z,NA,Media file,player #1:VIDEO\20220710_ImpossibleTask_Poppy_Camera1.mp4,0,1402.475,1480.342,29.97,No focal subject,171.025,interacting with tupperware,Not defined,NA,STATE,VIDEO\20220710_ImpossibleTask_Poppy_Camera1.mp4,38014,38102,NA,NA,NA,NA,1272.251,STOP,NA
Poppy,2024-12-25T17:40:01Z,NA,Media file,player #1:VIDEO\20220710_ImpossibleTask_Poppy_Camera1.mp4,0,1402.475,1480.342,29.97,No focal subject,171.025,interacting with tupperware,Not defined,NA,STATE,VIDEO\20220710_ImpossibleTask_Poppy_Camera1.mp4,38140,38190,NA,NA,NA,NA,1273.52,START,NA
Poppy,2024-12-25T17:40:01Z,NA,Media file,player #1:VIDEO\20220710_ImpossibleTask_Poppy_Camera1.mp4,0,1402.475,1480.342,29.97,No focal subject,171.025,interacting with tupperware,Not defined,NA,STATE,VIDEO\20220710_ImpossibleTask_Poppy_Camera1.mp4,38140,38190,NA,NA,NA,NA,1275.19,STOP,NA
Poppy,2024-12-25T17:40:01Z,NA,Media file,player #1:VIDEO\20220710_ImpossibleTask_Poppy_Camera1.mp4,0,1402.475,1480.342,29.97,No focal subject,171.025,interacting with tupperware,Not defined,NA,STATE,VIDEO\20220710_ImpossibleTask_Poppy_Camera1.mp4,38233,38332,NA,NA,NA,NA,1276.625,START,NA
Poppy,2024-12-25T17:40:01Z,NA,Media file,player #1:VIDEO\20220710_ImpossibleTask_Poppy_Camera1.mp4,0,1402.475,1480.342,29.97,No focal subject,171.025,interacting with tupperware,Not defined,NA,STATE,VIDEO\20220710_ImpossibleTask_Poppy_Camera1.mp4,38233,38332,NA,NA,NA,NA,1279.931,STOP,NA
Poppy,2024-12-25T17:40:01Z,NA,Media file,player #1:VIDEO\20220710_ImpossibleTask_Poppy_Camera1.mp4,0,1402.475,1480.342,29.97,No focal subject,171.025,interacting with tupperware,Not defined,NA,STATE,VIDEO\20220710_ImpossibleTask_Poppy_Camera1.mp4,38367,38441,NA,NA,NA,NA,1281.1,START,NA
Poppy,2024-12-25T17:40:01Z,NA,Media file,player #1:VIDEO\20220710_ImpossibleTask_Poppy_Camera1.mp4,0,1402.475,1480.342,29.97,No focal subject,171.025,interacting with tupperware,Not defined,NA,STATE,VIDEO\20220710_ImpossibleTask_Poppy_Camera1.mp4,38367,38441,NA,NA,NA,NA,1283.571,STOP,NA
Poppy,2024-12-25T17:40:01Z,NA,Media file,player #1:VIDEO\20220710_ImpossibleTask_Poppy_Camera1.mp4,0,1402.475,1480.342,29.97,No focal subject,171.025,interacting with tupperware,Not defined,NA,STATE,VIDEO\20220710_ImpossibleTask_Poppy_Camera1.mp4,38472,38550,NA,NA,NA,NA,1284.606,START,NA
Poppy,2024-12-25T17:40:01Z,NA,Media file,player #1:VIDEO\20220710_ImpossibleTask_Poppy_Camera1.mp4,0,1402.475,1480.342,29.97,No focal subject,171.025,interacting with tupperware,Not defined,NA,STATE,VIDEO\20220710_ImpossibleTask_Poppy_Camera1.mp4,38472,38550,NA,NA,NA,NA,1287.21,STOP,NA
Poppy,2024-12-25T17:40:01Z,NA,Media file,player #1:VIDEO\20220710_ImpossibleTask_Poppy_Camera1.mp4,0,1402.475,1480.342,29.97,No focal subject,171.025,interacting with tupperware,Not defined,NA,STATE,VIDEO\20220710_ImpossibleTask_Poppy_Camera1.mp4,38593,38652,NA,NA,NA,NA,1288.646,START,NA
Poppy,2024-12-25T17:40:01Z,NA,Media file,player #1:VIDEO\20220710_ImpossibleTask_Poppy_Camera1.mp4,0,1402.475,1480.342,29.97,No focal subject,171.025,interacting with tupperware,Not defined,NA,STATE,VIDEO\20220710_ImpossibleTask_Poppy_Camera1.mp4,38593,38652,NA,NA,NA,NA,1290.616,STOP,NA
Poppy,2024-12-25T17:40:01Z,NA,Media file,player #1:VIDEO\20220710_ImpossibleTask_Poppy_Camera1.mp4,0,1402.475,1480.342,29.97,No focal subject,171.025,interacting with tupperware,Not defined,NA,STATE,VIDEO\20220710_ImpossibleTask_Poppy_Camera1.mp4,38795,38825,NA,NA,NA,NA,1295.391,START,NA
Poppy,2024-12-25T17:40:01Z,NA,Media file,player #1:VIDEO\20220710_ImpossibleTask_Poppy_Camera1.mp4,0,1402.475,1480.342,29.97,No focal subject,171.025,interacting with tupperware,Not defined,NA,STATE,VIDEO\20220710_ImpossibleTask_Poppy_Camera1.mp4,38795,38825,NA,NA,NA,NA,1296.393,STOP,NA
Poppy,2024-12-25T17:40:01Z,NA,Media file,player #1:VIDEO\20220710_ImpossibleTask_Poppy_Camera1.mp4,0,1402.475,1480.342,29.97,No focal subject,171.025,interacting with tupperware,Not defined,NA,STATE,VIDEO\20220710_ImpossibleTask_Poppy_Camera1.mp4,38861,39006,NA,NA,NA,NA,1297.595,START,NA
Poppy,2024-12-25T17:40:01Z,NA,Media file,player #1:VIDEO\20220710_ImpossibleTask_Poppy_Camera1.mp4,0,1402.475,1480.342,29.97,No focal subject,171.025,interacting with tupperware,Not defined,NA,STATE,VIDEO\20220710_ImpossibleTask_Poppy_Camera1.mp4,38861,39006,NA,NA,NA,NA,1302.436,STOP,NA
Poppy,2024-12-25T17:40:01Z,NA,Media file,player #1:VIDEO\20220710_ImpossibleTask_Poppy_Camera1.mp4,0,1402.475,1480.342,29.97,No focal subject,171.025,interacting with tupperware,Not defined,NA,STATE,VIDEO\20220710_ImpossibleTask_Poppy_Camera1.mp4,39030,39122,NA,NA,NA,NA,1303.238,START,NA
Poppy,2024-12-25T17:40:01Z,NA,Media file,player #1:VIDEO\20220710_ImpossibleTask_Poppy_Camera1.mp4,0,1402.475,1480.342,29.97,No focal subject,171.025,interacting with tupperware,Not defined,NA,STATE,VIDEO\20220710_ImpossibleTask_Poppy_Camera1.mp4,39030,39122,NA,NA,NA,NA,1306.31,STOP,NA
Poppy,2024-12-25T17:40:01Z,NA,Media file,player #1:VIDEO\20220710_ImpossibleTask_Poppy_Camera1.mp4,0,1402.475,1480.342,29.97,No focal subject,171.025,interacting with tupperware,Not defined,NA,STATE,VIDEO\20220710_ImpossibleTask_Poppy_Camera1.mp4,39132,39410,NA,NA,NA,NA,1306.644,START,NA
Poppy,2024-12-25T17:40:01Z,NA,Media file,player #1:VIDEO\20220710_ImpossibleTask_Poppy_Camera1.mp4,0,1402.475,1480.342,29.97,No focal subject,171.025,interacting with tupperware,Not defined,NA,STATE,VIDEO\20220710_ImpossibleTask_Poppy_Camera1.mp4,39132,39410,NA,NA,NA,NA,1315.926,STOP,NA
Poppy,2024-12-25T17:40:01Z,NA,Media file,player #1:VIDEO\20220710_ImpossibleTask_Poppy_Camera1.mp4,0,1402.475,1480.342,29.97,No focal subject,171.025,interacting with tupperware,Not defined,NA,STATE,VIDEO\20220710_ImpossibleTask_Poppy_Camera1.mp4,39569,39701,NA,NA,NA,NA,1321.235,START,NA
Poppy,2024-12-25T17:40:01Z,NA,Media file,player #1:VIDEO\20220710_ImpossibleTask_Poppy_Camera1.mp4,0,1402.475,1480.342,29.97,No focal subject,171.025,interacting with tupperware,Not defined,NA,STATE,VIDEO\20220710_ImpossibleTask_Poppy_Camera1.mp4,39569,39701,NA,NA,NA,NA,1325.643,STOP,NA
Poppy,2024-12-25T17:40:01Z,NA,Media file,player #1:VIDEO\20220710_ImpossibleTask_Poppy_Camera1.mp4,0,1402.475,1480.342,29.97,No focal subject,171.025,interacting with tupperware,Not defined,NA,STATE,VIDEO\20220710_ImpossibleTask_Poppy_Camera1.mp4,39796,39817,NA,NA,NA,NA,1328.815,START,NA
Poppy,2024-12-25T17:40:01Z,NA,Media file,player #1:VIDEO\20220710_ImpossibleTask_Poppy_Camera1.mp4,0,1402.475,1480.342,29.97,No focal subject,171.025,interacting with tupperware,Not defined,NA,STATE,VIDEO\20220710_ImpossibleTask_Poppy_Camera1.mp4,39796,39817,NA,NA,NA,NA,1329.516,STOP,NA
Poppy,2024-12-25T17:40:01Z,NA,Media file,player #1:VIDEO\20220710_ImpossibleTask_Poppy_Camera1.mp4,0,1402.475,1480.342,29.97,No focal subject,171.025,interacting with tupperware,Not defined,NA,STATE,VIDEO\20220710_ImpossibleTask_Poppy_Camera1.mp4,42858,42900,NA,NA,NA,NA,1431.057,START,NA
Poppy,2024-12-25T17:40:01Z,NA,Media file,player #1:VIDEO\20220710_ImpossibleTask_Poppy_Camera1.mp4,0,1402.475,1480.342,29.97,No focal subject,171.025,interacting with tupperware,Not defined,NA,STATE,VIDEO\20220710_ImpossibleTask_Poppy_Camera1.mp4,42858,42900,NA,NA,NA,NA,1432.46,STOP,NA
Poppy,2024-12-25T17:40:01Z,NA,Media file,player #1:VIDEO\20220710_ImpossibleTask_Poppy_Camera1.mp4,0,1402.475,1480.342,29.97,No focal subject,171.025,interacting with tupperware,Not defined,NA,STATE,VIDEO\20220710_ImpossibleTask_Poppy_Camera1.mp4,42941,43168,NA,NA,NA,NA,1433.829,START,NA
Poppy,2024-12-25T17:40:01Z,NA,Media file,player #1:VIDEO\20220710_ImpossibleTask_Poppy_Camera1.mp4,0,1402.475,1480.342,29.97,No focal subject,171.025,interacting with tupperware,Not defined,NA,STATE,VIDEO\20220710_ImpossibleTask_Poppy_Camera1.mp4,42941,43168,NA,NA,NA,NA,1441.409,STOP,NA
Poppy,2024-12-25T17:40:01Z,NA,Media file,player #1:VIDEO\20220710_ImpossibleTask_Poppy_Camera1.mp4,0,1402.475,1480.342,29.97,No focal subject,171.025,interacting with tupperware,Not defined,NA,STATE,VIDEO\20220710_ImpossibleTask_Poppy_Camera1.mp4,43255,43298,NA,NA,NA,NA,1444.314,START,NA
Poppy,2024-12-25T17:40:01Z,NA,Media file,player #1:VIDEO\20220710_ImpossibleTask_Poppy_Camera1.mp4,0,1402.475,1480.342,29.97,No focal subject,171.025,interacting with tupperware,Not defined,NA,STATE,VIDEO\20220710_ImpossibleTask_Poppy_Camera1.mp4,43255,43298,NA,NA,NA,NA,1445.749,STOP,NA
